--
-- PostgreSQL database dump
--

\restrict 3Ar7RdYjZxZmh3tDt0Icj4FZfQh7Ht9Pxfl073NuMqGSmCd8ew4OeVjP9MPzVBv

-- Dumped from database version 15.17 (Debian 15.17-1.pgdg13+1)
-- Dumped by pg_dump version 17.9 (Debian 17.9-0+deb13u1)

SET statement_timeout = 0;
SET lock_timeout = 0;
SET idle_in_transaction_session_timeout = 0;
SET transaction_timeout = 0;
SET client_encoding = 'UTF8';
SET standard_conforming_strings = on;
SELECT pg_catalog.set_config('search_path', '', false);
SET check_function_bodies = false;
SET xmloption = content;
SET client_min_messages = warning;
SET row_security = off;

SET default_tablespace = '';

SET default_table_access_method = heap;

--
-- Name: auth_group; Type: TABLE; Schema: public; Owner: ortrta_user
--

CREATE TABLE public.auth_group (
    id integer NOT NULL,
    name character varying(150) NOT NULL
);


ALTER TABLE public.auth_group OWNER TO ortrta_user;

--
-- Name: auth_group_id_seq; Type: SEQUENCE; Schema: public; Owner: ortrta_user
--

ALTER TABLE public.auth_group ALTER COLUMN id ADD GENERATED BY DEFAULT AS IDENTITY (
    SEQUENCE NAME public.auth_group_id_seq
    START WITH 1
    INCREMENT BY 1
    NO MINVALUE
    NO MAXVALUE
    CACHE 1
);


--
-- Name: auth_group_permissions; Type: TABLE; Schema: public; Owner: ortrta_user
--

CREATE TABLE public.auth_group_permissions (
    id bigint NOT NULL,
    group_id integer NOT NULL,
    permission_id integer NOT NULL
);


ALTER TABLE public.auth_group_permissions OWNER TO ortrta_user;

--
-- Name: auth_group_permissions_id_seq; Type: SEQUENCE; Schema: public; Owner: ortrta_user
--

ALTER TABLE public.auth_group_permissions ALTER COLUMN id ADD GENERATED BY DEFAULT AS IDENTITY (
    SEQUENCE NAME public.auth_group_permissions_id_seq
    START WITH 1
    INCREMENT BY 1
    NO MINVALUE
    NO MAXVALUE
    CACHE 1
);


--
-- Name: auth_permission; Type: TABLE; Schema: public; Owner: ortrta_user
--

CREATE TABLE public.auth_permission (
    id integer NOT NULL,
    name character varying(255) NOT NULL,
    content_type_id integer NOT NULL,
    codename character varying(100) NOT NULL
);


ALTER TABLE public.auth_permission OWNER TO ortrta_user;

--
-- Name: auth_permission_id_seq; Type: SEQUENCE; Schema: public; Owner: ortrta_user
--

ALTER TABLE public.auth_permission ALTER COLUMN id ADD GENERATED BY DEFAULT AS IDENTITY (
    SEQUENCE NAME public.auth_permission_id_seq
    START WITH 1
    INCREMENT BY 1
    NO MINVALUE
    NO MAXVALUE
    CACHE 1
);


--
-- Name: django_admin_log; Type: TABLE; Schema: public; Owner: ortrta_user
--

CREATE TABLE public.django_admin_log (
    id integer NOT NULL,
    action_time timestamp with time zone NOT NULL,
    object_id text,
    object_repr character varying(200) NOT NULL,
    action_flag smallint NOT NULL,
    change_message text NOT NULL,
    content_type_id integer,
    user_id bigint NOT NULL,
    CONSTRAINT django_admin_log_action_flag_check CHECK ((action_flag >= 0))
);


ALTER TABLE public.django_admin_log OWNER TO ortrta_user;

--
-- Name: django_admin_log_id_seq; Type: SEQUENCE; Schema: public; Owner: ortrta_user
--

ALTER TABLE public.django_admin_log ALTER COLUMN id ADD GENERATED BY DEFAULT AS IDENTITY (
    SEQUENCE NAME public.django_admin_log_id_seq
    START WITH 1
    INCREMENT BY 1
    NO MINVALUE
    NO MAXVALUE
    CACHE 1
);


--
-- Name: django_content_type; Type: TABLE; Schema: public; Owner: ortrta_user
--

CREATE TABLE public.django_content_type (
    id integer NOT NULL,
    app_label character varying(100) NOT NULL,
    model character varying(100) NOT NULL
);


ALTER TABLE public.django_content_type OWNER TO ortrta_user;

--
-- Name: django_content_type_id_seq; Type: SEQUENCE; Schema: public; Owner: ortrta_user
--

ALTER TABLE public.django_content_type ALTER COLUMN id ADD GENERATED BY DEFAULT AS IDENTITY (
    SEQUENCE NAME public.django_content_type_id_seq
    START WITH 1
    INCREMENT BY 1
    NO MINVALUE
    NO MAXVALUE
    CACHE 1
);


--
-- Name: django_migrations; Type: TABLE; Schema: public; Owner: ortrta_user
--

CREATE TABLE public.django_migrations (
    id bigint NOT NULL,
    app character varying(255) NOT NULL,
    name character varying(255) NOT NULL,
    applied timestamp with time zone NOT NULL
);


ALTER TABLE public.django_migrations OWNER TO ortrta_user;

--
-- Name: django_migrations_id_seq; Type: SEQUENCE; Schema: public; Owner: ortrta_user
--

ALTER TABLE public.django_migrations ALTER COLUMN id ADD GENERATED BY DEFAULT AS IDENTITY (
    SEQUENCE NAME public.django_migrations_id_seq
    START WITH 1
    INCREMENT BY 1
    NO MINVALUE
    NO MAXVALUE
    CACHE 1
);


--
-- Name: django_session; Type: TABLE; Schema: public; Owner: ortrta_user
--

CREATE TABLE public.django_session (
    session_key character varying(40) NOT NULL,
    session_data text NOT NULL,
    expire_date timestamp with time zone NOT NULL
);


ALTER TABLE public.django_session OWNER TO ortrta_user;

--
-- Name: equipment_camera; Type: TABLE; Schema: public; Owner: ortrta_user
--

CREATE TABLE public.equipment_camera (
    id bigint NOT NULL,
    model character varying(100) NOT NULL,
    description text NOT NULL,
    created_at timestamp with time zone NOT NULL,
    updated_at timestamp with time zone NOT NULL,
    user_id bigint NOT NULL,
    has_fixed_lens boolean NOT NULL,
    fixed_lens_model character varying(100) NOT NULL,
    mount_id bigint
);


ALTER TABLE public.equipment_camera OWNER TO ortrta_user;

--
-- Name: equipment_camera_id_seq; Type: SEQUENCE; Schema: public; Owner: ortrta_user
--

ALTER TABLE public.equipment_camera ALTER COLUMN id ADD GENERATED BY DEFAULT AS IDENTITY (
    SEQUENCE NAME public.equipment_camera_id_seq
    START WITH 1
    INCREMENT BY 1
    NO MINVALUE
    NO MAXVALUE
    CACHE 1
);


--
-- Name: equipment_lens; Type: TABLE; Schema: public; Owner: ortrta_user
--

CREATE TABLE public.equipment_lens (
    id bigint NOT NULL,
    model character varying(100) NOT NULL,
    description text NOT NULL,
    created_at timestamp with time zone NOT NULL,
    updated_at timestamp with time zone NOT NULL,
    user_id bigint NOT NULL,
    mount_id bigint
);


ALTER TABLE public.equipment_lens OWNER TO ortrta_user;

--
-- Name: equipment_lens_cameras; Type: TABLE; Schema: public; Owner: ortrta_user
--

CREATE TABLE public.equipment_lens_cameras (
    id bigint NOT NULL,
    lens_id bigint NOT NULL,
    camera_id bigint NOT NULL
);


ALTER TABLE public.equipment_lens_cameras OWNER TO ortrta_user;

--
-- Name: equipment_lens_cameras_id_seq; Type: SEQUENCE; Schema: public; Owner: ortrta_user
--

ALTER TABLE public.equipment_lens_cameras ALTER COLUMN id ADD GENERATED BY DEFAULT AS IDENTITY (
    SEQUENCE NAME public.equipment_lens_cameras_id_seq
    START WITH 1
    INCREMENT BY 1
    NO MINVALUE
    NO MAXVALUE
    CACHE 1
);


--
-- Name: equipment_lens_id_seq; Type: SEQUENCE; Schema: public; Owner: ortrta_user
--

ALTER TABLE public.equipment_lens ALTER COLUMN id ADD GENERATED BY DEFAULT AS IDENTITY (
    SEQUENCE NAME public.equipment_lens_id_seq
    START WITH 1
    INCREMENT BY 1
    NO MINVALUE
    NO MAXVALUE
    CACHE 1
);


--
-- Name: equipment_mount; Type: TABLE; Schema: public; Owner: ortrta_user
--

CREATE TABLE public.equipment_mount (
    id bigint NOT NULL,
    name character varying(50) NOT NULL
);


ALTER TABLE public.equipment_mount OWNER TO ortrta_user;

--
-- Name: equipment_mount_id_seq; Type: SEQUENCE; Schema: public; Owner: ortrta_user
--

ALTER TABLE public.equipment_mount ALTER COLUMN id ADD GENERATED BY DEFAULT AS IDENTITY (
    SEQUENCE NAME public.equipment_mount_id_seq
    START WITH 1
    INCREMENT BY 1
    NO MINVALUE
    NO MAXVALUE
    CACHE 1
);


--
-- Name: rolls_roll; Type: TABLE; Schema: public; Owner: ortrta_user
--

CREATE TABLE public.rolls_roll (
    id bigint NOT NULL,
    film_name character varying(100) NOT NULL,
    iso integer NOT NULL,
    format character varying(20) NOT NULL,
    description text NOT NULL,
    date_start date NOT NULL,
    date_end date,
    date_development date,
    date_scan date,
    status character varying(20) NOT NULL,
    slug character varying(50) NOT NULL,
    created_at timestamp with time zone NOT NULL,
    updated_at timestamp with time zone NOT NULL,
    camera_id bigint NOT NULL,
    lens_id bigint,
    user_id bigint NOT NULL,
    film_type character varying(20) NOT NULL
);


ALTER TABLE public.rolls_roll OWNER TO ortrta_user;

--
-- Name: rolls_roll_id_seq; Type: SEQUENCE; Schema: public; Owner: ortrta_user
--

ALTER TABLE public.rolls_roll ALTER COLUMN id ADD GENERATED BY DEFAULT AS IDENTITY (
    SEQUENCE NAME public.rolls_roll_id_seq
    START WITH 1
    INCREMENT BY 1
    NO MINVALUE
    NO MAXVALUE
    CACHE 1
);


--
-- Name: rolls_urlphoto; Type: TABLE; Schema: public; Owner: ortrta_user
--

CREATE TABLE public.rolls_urlphoto (
    id bigint NOT NULL,
    url character varying(200) NOT NULL,
    provider character varying(20) NOT NULL,
    description text NOT NULL,
    created_at timestamp with time zone NOT NULL,
    updated_at timestamp with time zone NOT NULL,
    roll_id bigint NOT NULL
);


ALTER TABLE public.rolls_urlphoto OWNER TO ortrta_user;

--
-- Name: rolls_urlphoto_id_seq; Type: SEQUENCE; Schema: public; Owner: ortrta_user
--

ALTER TABLE public.rolls_urlphoto ALTER COLUMN id ADD GENERATED BY DEFAULT AS IDENTITY (
    SEQUENCE NAME public.rolls_urlphoto_id_seq
    START WITH 1
    INCREMENT BY 1
    NO MINVALUE
    NO MAXVALUE
    CACHE 1
);


--
-- Name: users_user; Type: TABLE; Schema: public; Owner: ortrta_user
--

CREATE TABLE public.users_user (
    id bigint NOT NULL,
    password character varying(128) NOT NULL,
    last_login timestamp with time zone,
    is_superuser boolean NOT NULL,
    username character varying(150) NOT NULL,
    first_name character varying(150) NOT NULL,
    last_name character varying(150) NOT NULL,
    email character varying(254) NOT NULL,
    is_staff boolean NOT NULL,
    is_active boolean NOT NULL,
    date_joined timestamp with time zone NOT NULL,
    created_at timestamp with time zone NOT NULL,
    updated_at timestamp with time zone NOT NULL
);


ALTER TABLE public.users_user OWNER TO ortrta_user;

--
-- Name: users_user_groups; Type: TABLE; Schema: public; Owner: ortrta_user
--

CREATE TABLE public.users_user_groups (
    id bigint NOT NULL,
    user_id bigint NOT NULL,
    group_id integer NOT NULL
);


ALTER TABLE public.users_user_groups OWNER TO ortrta_user;

--
-- Name: users_user_groups_id_seq; Type: SEQUENCE; Schema: public; Owner: ortrta_user
--

ALTER TABLE public.users_user_groups ALTER COLUMN id ADD GENERATED BY DEFAULT AS IDENTITY (
    SEQUENCE NAME public.users_user_groups_id_seq
    START WITH 1
    INCREMENT BY 1
    NO MINVALUE
    NO MAXVALUE
    CACHE 1
);


--
-- Name: users_user_id_seq; Type: SEQUENCE; Schema: public; Owner: ortrta_user
--

ALTER TABLE public.users_user ALTER COLUMN id ADD GENERATED BY DEFAULT AS IDENTITY (
    SEQUENCE NAME public.users_user_id_seq
    START WITH 1
    INCREMENT BY 1
    NO MINVALUE
    NO MAXVALUE
    CACHE 1
);


--
-- Name: users_user_user_permissions; Type: TABLE; Schema: public; Owner: ortrta_user
--

CREATE TABLE public.users_user_user_permissions (
    id bigint NOT NULL,
    user_id bigint NOT NULL,
    permission_id integer NOT NULL
);


ALTER TABLE public.users_user_user_permissions OWNER TO ortrta_user;

--
-- Name: users_user_user_permissions_id_seq; Type: SEQUENCE; Schema: public; Owner: ortrta_user
--

ALTER TABLE public.users_user_user_permissions ALTER COLUMN id ADD GENERATED BY DEFAULT AS IDENTITY (
    SEQUENCE NAME public.users_user_user_permissions_id_seq
    START WITH 1
    INCREMENT BY 1
    NO MINVALUE
    NO MAXVALUE
    CACHE 1
);


--
-- Data for Name: auth_group; Type: TABLE DATA; Schema: public; Owner: ortrta_user
--

COPY public.auth_group (id, name) FROM stdin;
\.


--
-- Data for Name: auth_group_permissions; Type: TABLE DATA; Schema: public; Owner: ortrta_user
--

COPY public.auth_group_permissions (id, group_id, permission_id) FROM stdin;
\.


--
-- Data for Name: auth_permission; Type: TABLE DATA; Schema: public; Owner: ortrta_user
--

COPY public.auth_permission (id, name, content_type_id, codename) FROM stdin;
1	Can add log entry	1	add_logentry
2	Can change log entry	1	change_logentry
3	Can delete log entry	1	delete_logentry
4	Can view log entry	1	view_logentry
5	Can add permission	3	add_permission
6	Can change permission	3	change_permission
7	Can delete permission	3	delete_permission
8	Can view permission	3	view_permission
9	Can add group	2	add_group
10	Can change group	2	change_group
11	Can delete group	2	delete_group
12	Can view group	2	view_group
13	Can add content type	4	add_contenttype
14	Can change content type	4	change_contenttype
15	Can delete content type	4	delete_contenttype
16	Can view content type	4	view_contenttype
17	Can add session	5	add_session
18	Can change session	5	change_session
19	Can delete session	5	delete_session
20	Can view session	5	view_session
21	Can add user	6	add_user
22	Can change user	6	change_user
23	Can delete user	6	delete_user
24	Can view user	6	view_user
25	Can add camera	7	add_camera
26	Can change camera	7	change_camera
27	Can delete camera	7	delete_camera
28	Can view camera	7	view_camera
29	Can add lens	8	add_lens
30	Can change lens	8	change_lens
31	Can delete lens	8	delete_lens
32	Can view lens	8	view_lens
33	Can add mount	9	add_mount
34	Can change mount	9	change_mount
35	Can delete mount	9	delete_mount
36	Can view mount	9	view_mount
37	Can add roll	10	add_roll
38	Can change roll	10	change_roll
39	Can delete roll	10	delete_roll
40	Can view roll	10	view_roll
41	Can add url photo	11	add_urlphoto
42	Can change url photo	11	change_urlphoto
43	Can delete url photo	11	delete_urlphoto
44	Can view url photo	11	view_urlphoto
\.


--
-- Data for Name: django_admin_log; Type: TABLE DATA; Schema: public; Owner: ortrta_user
--

COPY public.django_admin_log (id, action_time, object_id, object_repr, action_flag, change_message, content_type_id, user_id) FROM stdin;
1	2026-02-20 09:50:46.545+00	2	Pamela	1	[{"added": {}}]	6	1
2	2026-02-20 09:55:20.274+00	1	diana f+	1	[{"added": {}}]	7	1
3	2026-02-20 09:55:36.144+00	2	olympus trip 35	1	[{"added": {}}]	7	1
4	2026-02-20 09:56:26.814+00	1	super wilde	1	[{"added": {}}]	8	1
5	2026-02-20 09:57:35.416+00	1	porta 500	1	[{"added": {}}]	9	1
6	2026-02-20 09:59:41.807+00	1	https://www.example.fr	1	[{"added": {}}]	10	1
7	2026-02-20 10:24:41.197+00	2	kodak 400 (Pamela)	1	[{"added": {}}]	9	1
8	2026-02-20 10:25:21.562+00	2	https://www.example.com	1	[{"added": {}}]	10	1
9	2026-02-27 15:16:50.451+00	4	lomo (Pamela)	1	[{"added": {}}]	9	1
10	2026-03-03 13:17:59.191+00	3	Diana F+	1	[{"added": {}}]	7	1
11	2026-03-03 14:14:07.065+00	5	fujifilm color (Topi)	2	[{"changed": {"fields": ["Date end", "Date development", "Date scan"]}}]	9	1
12	2026-03-05 09:57:28.381+00	6	Porta (Topi)	1	[{"added": {}}]	9	1
13	2026-03-05 09:58:10.591+00	7	Lomo purple (Topi)	1	[{"added": {}}]	9	1
14	2026-03-05 15:13:31.439+00	4	olympus trip 35	1	[{"added": {}}]	7	1
15	2026-03-10 14:52:44.389+00	1	Diana	1	[{"added": {}}]	11	1
16	2026-03-10 15:09:33.721+00	1	Diana	3		11	1
17	2026-03-10 15:09:44.237+00	2	Diana	1	[{"added": {}}]	11	1
18	2026-03-10 15:10:12.418+00	1	diana f+	2	[{"changed": {"fields": ["Mount"]}}]	7	1
19	2026-03-11 08:08:02.389+00	3	Nikon F	1	[{"added": {}}]	11	1
20	2026-03-11 08:08:13.921+00	4	Canon FD	1	[{"added": {}}]	11	1
21	2026-03-11 08:08:22.604+00	5	M42	1	[{"added": {}}]	11	1
22	2026-03-11 08:08:32.322+00	6	Leica M	1	[{"added": {}}]	11	1
23	2026-03-11 08:08:42.603+00	7	Pentax K	1	[{"added": {}}]	11	1
24	2026-03-11 08:08:54.559+00	8	Minolta SR	1	[{"added": {}}]	11	1
25	2026-03-11 08:09:07.988+00	9	Olympus OM	1	[{"added": {}}]	11	1
26	2026-03-11 08:09:21.337+00	10	Contax/Yashica	1	[{"added": {}}]	11	1
27	2026-03-11 08:09:39.119+00	2	Diana	3		11	1
28	2026-03-11 10:20:42.48+00	2	12 mm Diana baby	2	[{"changed": {"fields": ["Cameras", "Description"]}}]	8	1
29	2026-03-11 10:21:09.486+00	2	12 mm Diana baby	2	[]	8	1
\.


--
-- Data for Name: django_content_type; Type: TABLE DATA; Schema: public; Owner: ortrta_user
--

COPY public.django_content_type (id, app_label, model) FROM stdin;
1	admin	logentry
2	auth	group
3	auth	permission
4	contenttypes	contenttype
5	sessions	session
6	users	user
7	equipment	camera
8	equipment	lens
9	equipment	mount
10	rolls	roll
11	rolls	urlphoto
\.


--
-- Data for Name: django_migrations; Type: TABLE DATA; Schema: public; Owner: ortrta_user
--

COPY public.django_migrations (id, app, name, applied) FROM stdin;
1	contenttypes	0001_initial	2026-03-27 11:11:38.970728+00
2	contenttypes	0002_remove_content_type_name	2026-03-27 11:11:38.989386+00
3	auth	0001_initial	2026-03-27 11:11:39.074522+00
4	auth	0002_alter_permission_name_max_length	2026-03-27 11:11:39.082993+00
5	auth	0003_alter_user_email_max_length	2026-03-27 11:11:39.091177+00
6	auth	0004_alter_user_username_opts	2026-03-27 11:11:39.100216+00
7	auth	0005_alter_user_last_login_null	2026-03-27 11:11:39.107857+00
8	auth	0006_require_contenttypes_0002	2026-03-27 11:11:39.111055+00
9	auth	0007_alter_validators_add_error_messages	2026-03-27 11:11:39.118968+00
10	auth	0008_alter_user_username_max_length	2026-03-27 11:11:39.129603+00
11	auth	0009_alter_user_last_name_max_length	2026-03-27 11:11:39.139933+00
12	auth	0010_alter_group_name_max_length	2026-03-27 11:11:39.150075+00
13	auth	0011_update_proxy_permissions	2026-03-27 11:11:39.156966+00
14	auth	0012_alter_user_first_name_max_length	2026-03-27 11:11:39.166743+00
15	users	0001_initial	2026-03-27 11:11:39.249986+00
16	admin	0001_initial	2026-03-27 11:11:39.281918+00
17	admin	0002_logentry_remove_auto_add	2026-03-27 11:11:39.289596+00
18	admin	0003_logentry_add_action_flag_choices	2026-03-27 11:11:39.299892+00
19	equipment	0001_initial	2026-03-27 11:11:39.357253+00
20	equipment	0002_remove_lens_camera_lens_cameras	2026-03-27 11:11:39.41481+00
21	equipment	0003_alter_lens_cameras	2026-03-27 11:11:39.42571+00
22	equipment	0004_camera_has_fixed_lens	2026-03-27 11:11:39.439464+00
23	equipment	0005_mount_camera_fixed_lens_model_camera_mount_and_more	2026-03-27 11:11:39.499855+00
24	equipment	0006_remove_lens_cameras	2026-03-27 11:11:39.517184+00
25	equipment	0007_lens_cameras	2026-03-27 11:11:39.556254+00
26	rolls	0001_initial	2026-03-27 11:11:39.609951+00
27	rolls	0002_urlphoto	2026-03-27 11:11:39.637969+00
28	rolls	0003_alter_roll_slug	2026-03-27 11:11:39.65531+00
29	rolls	0004_alter_roll_lens	2026-03-27 11:11:39.674252+00
30	rolls	0005_alter_roll_status	2026-03-27 11:11:39.68957+00
31	rolls	0006_roll_qr_code	2026-03-27 11:11:39.706774+00
32	rolls	0007_remove_roll_qr_code_remove_roll_type_roll_film_type_and_more	2026-03-27 11:11:39.784794+00
33	rolls	0008_roll_rolls_roll_user_id_5802d7_idx_and_more	2026-03-27 11:11:39.83165+00
34	sessions	0001_initial	2026-03-27 11:11:39.853006+00
35	users	0002_alter_user_email	2026-03-27 11:11:39.881816+00
36	users	0003_remove_user_firstname	2026-03-27 11:11:39.898072+00
37	users	0004_alter_user_last_login	2026-03-27 11:11:39.913212+00
\.


--
-- Data for Name: django_session; Type: TABLE DATA; Schema: public; Owner: ortrta_user
--

COPY public.django_session (session_key, session_data, expire_date) FROM stdin;
d17i2gf81l0k6vo7k6ob9oy8tilf78z7	.eJxVjEsOwjAMBe-SNYrspEkKS_Y9Q-XaLimgROpnhbg7VOoCtm9m3sv0tK253xad-0nMxaA5_W4D8UPLDuRO5VYt17LO02B3xR50sV0VfV4P9-8g05K_dUsEwXlCbRlVk0AjhADnIYKOgI7imCA04pOk6LyTkWMKnCQGRGbz_gDgGze1:1w6586:nAFd7XBjTbUyZUBOmzO0rVLCh7uotU1GAS1fd3BLAvA	2026-04-10 11:13:30.475831+00
t1g2mz70iohrtk9voeqkltbg7g20c434	.eJxVjEEOwiAURO_C2hAopYBL9z0D-fwPUjWQlHZlvLs06UKTWc17M2_mYd-y31tc_ULsyiS7_HYB8BnLAegB5V451rKtS-CHwk_a-Fwpvm6n-3eQoeW-nmRQipw02iCBFTomYYRydkgWQPREPSFIh5AopGQtjqMkBNNhkAP7fAHpWTio:1vzyRg:Qd_gFtsfGPs69JfPhjaEEred1IllDWTFSkSpCaWZXTk	2026-03-24 14:52:28.509+00
tlt02znlplbv5aasce4f8fowhyy3xxca	.eJxVjEEOwiAURO_C2hAopYBL9z0D-fwPUjWQlHZlvLs06UKTWc17M2_mYd-y31tc_ULsyiS7_HYB8BnLAegB5V451rKtS-CHwk_a-Fwpvm6n-3eQoeW-nmRQipw02iCBFTomYYRydkgWQPREPSFIh5AopGQtjqMkBNNhkAP7fAHpWTio:1vtN7M:Zg_A55gBKV0Ms0JUAIUqr7yB7RXUraLpkZAphQB3nuY	2026-03-06 09:48:12.885+00
\.


--
-- Data for Name: equipment_camera; Type: TABLE DATA; Schema: public; Owner: ortrta_user
--

COPY public.equipment_camera (id, model, description, created_at, updated_at, user_id, has_fixed_lens, fixed_lens_model, mount_id) FROM stdin;
1	diana f+		2026-02-20 09:55:20.272+00	2026-03-10 15:10:12.416+00	2	f		\N
2	olympus trip 35		2026-02-20 09:55:36.142+00	2026-02-20 09:55:36.142+00	2	f		\N
3	Diana F+		2026-03-03 13:17:59.187+00	2026-03-11 09:55:46.148+00	1	f		\N
4	olympus trip 35	vieil app rÚcupÚrÚ chez parents	2026-03-05 15:13:31.436+00	2026-03-11 10:16:56.756+00	1	t		\N
5	action sampler		2026-03-09 10:56:06.83+00	2026-03-11 10:17:06.86+00	1	t		\N
6	Diana baby 110		2026-03-09 10:57:31.03+00	2026-03-16 13:18:45.075+00	1	f		\N
7	Diana Multi pinhole	pinhole avec diffÚrents filtres	2026-03-09 11:13:32.43+00	2026-03-09 11:13:32.43+00	1	f		\N
9	Kodak m35		2026-03-10 09:29:36.067+00	2026-03-10 09:29:36.067+00	1	f		\N
10	Samsung AF Zoom 700		2026-03-10 09:45:46.712+00	2026-03-10 09:45:46.714+00	1	t		\N
11	Olympus Trip 35 custom		2026-03-10 10:52:15.467+00	2026-03-10 10:52:15.469+00	1	t		\N
13	Diana 110 kitty		2026-03-11 10:14:58.984+00	2026-03-11 10:14:58.984+00	1	f		\N
14	kodack		2026-03-16 12:58:22.617+00	2026-03-16 12:58:22.617+00	1	f		\N
15	olympus		2026-03-16 15:04:48.774+00	2026-03-16 15:04:48.774+00	6	t		\N
16	Diana F		2026-03-18 15:49:21.038+00	2026-03-18 15:49:21.038+00	8	f		\N
\.


--
-- Data for Name: equipment_lens; Type: TABLE DATA; Schema: public; Owner: ortrta_user
--

COPY public.equipment_lens (id, model, description, created_at, updated_at, user_id, mount_id) FROM stdin;
1	super wilde		2026-02-20 09:56:26.812+00	2026-02-20 09:56:26.812+00	2	\N
2	12 mm Diana baby	Grand angle\r\n0,4 m - inf	2026-03-09 14:33:08.998+00	2026-03-11 10:21:09.48+00	1	\N
4	Wilde angle		2026-03-10 15:11:11.57+00	2026-03-16 12:58:58.111+00	1	\N
5	super wilde		2026-03-11 08:19:35.875+00	2026-03-11 08:23:37.791+00	1	3
6	super wilde 38mm		2026-03-11 09:53:42.766+00	2026-03-11 10:30:03.473+00	1	\N
7	24 mm baby		2026-03-11 10:14:07.405+00	2026-03-16 13:00:16.404+00	1	\N
8	fisheye		2026-03-11 10:22:06.565+00	2026-03-11 10:42:23.914+00	1	\N
9	super wilde		2026-03-18 15:49:36.417+00	2026-03-18 15:49:36.417+00	8	\N
\.


--
-- Data for Name: equipment_lens_cameras; Type: TABLE DATA; Schema: public; Owner: ortrta_user
--

COPY public.equipment_lens_cameras (id, lens_id, camera_id) FROM stdin;
1	4	6
2	5	6
3	6	3
4	7	14
5	8	3
\.


--
-- Data for Name: equipment_mount; Type: TABLE DATA; Schema: public; Owner: ortrta_user
--

COPY public.equipment_mount (id, name) FROM stdin;
3	Nikon F
4	Canon FD
5	M42
6	Leica M
7	Pentax K
8	Minolta SR
9	Olympus OM
10	Contax/Yashica
\.


--
-- Data for Name: rolls_roll; Type: TABLE DATA; Schema: public; Owner: ortrta_user
--

COPY public.rolls_roll (id, film_name, iso, format, description, date_start, date_end, date_development, date_scan, status, slug, created_at, updated_at, camera_id, lens_id, user_id, film_type) FROM stdin;
1	porta 500	50	35mm 12		2026-02-20	\N	\N	\N	IN_PROGRESS	12	2026-02-20 09:57:35.412+00	2026-02-20 09:57:35.412+00	1	1	2	COLOR_NEGATIVE
2	kodak 400	200	35mm 24		2026-02-20	\N	\N	\N	IN_PROGRESS	kodak-400-ZPRfPx	2026-02-20 10:24:41.194+00	2026-02-20 10:24:41.194+00	2	\N	2	COLOR_NEGATIVE
4	lomo	400	35mm 36		2026-02-27	\N	\N	\N	IN_PROGRESS	lomo-2qj5fE	2026-02-27 15:16:50.445+00	2026-02-27 15:16:50.445+00	1	1	2	COLOR_NEGATIVE
5	fujifilm color	400	35mm 36		2026-02-20	2026-03-03	2026-03-03	2026-03-03	SCANNED	fujifilm-color-4GJhWa	2026-03-03 13:18:15.781+00	2026-03-03 14:14:07.06+00	3	\N	1	COLOR_NEGATIVE
7	Lomo purple	100	35MM-36		2026-03-01	2026-03-05	\N	\N	FINISHED	lomo-purple-qX4aZt	2026-03-05 09:58:10.584+00	2026-03-05 09:58:10.584+00	2	\N	1	COLOR_NEGATIVE
10	kodack	400	110		2026-03-04	2026-03-09	2026-03-10	\N	DEVELOPED	kodack-K3DHvg	2026-03-09 16:23:33.145+00	2026-03-10 09:26:47.078+00	6	2	1	COLOR_NEGATIVE
11	Lomochrome metropolis	400	110	pellicule pÚrimÚe 2010	2026-02-05	2026-02-25	2026-03-07	2026-03-10	SCANNED	lomochrome-metropolis-C2Z2Si	2026-03-10 09:00:03.618+00	2026-03-10 09:01:53.928+00	6	2	1	COLOR_NEGATIVE
13	Fuji superia	400	35MM-24		2025-02-08	2025-03-04	2025-03-06	2025-03-29	SCANNED	fuji-superia-93an8f	2026-03-10 09:48:08.657+00	2026-03-10 09:48:08.657+00	10	\N	1	COLOR_NEGATIVE
24	lomo color	400	35MM-24		2026-03-12	\N	\N	\N	IN_PROGRESS	lomo-color-WnQENe	2026-03-13 13:36:14.113+00	2026-03-13 13:36:14.113+00	3	\N	1	COLOR_NEGATIVE
26	fujifilm	400	110		2026-03-09	\N	\N	\N	IN_PROGRESS	fujifilm-oUr2PZ	2026-03-16 13:19:26.435+00	2026-03-16 13:19:26.435+00	6	2	1	BLACK_AND_WHITE
27	lomo purple	400	35MM-36		2026-03-15	\N	\N	\N	IN_PROGRESS	lomo-purple-hg6yw4	2026-03-16 15:05:12.216+00	2026-03-16 15:05:12.216+00	15	\N	6	COLOR_NEGATIVE
28	lomo	400	35MM-36		2026-03-10	\N	\N	\N	IN_PROGRESS	lomo-scOkHg	2026-03-18 15:49:59.123+00	2026-03-18 15:49:59.123+00	16	9	8	COLOR_NEGATIVE
\.


--
-- Data for Name: rolls_urlphoto; Type: TABLE DATA; Schema: public; Owner: ortrta_user
--

COPY public.rolls_urlphoto (id, url, provider, description, created_at, updated_at, roll_id) FROM stdin;
1	https://www.example.fr	OTHER		2026-02-20 09:59:41.805+00	2026-02-20 09:59:41.805+00	1
2	https://www.example.com	OTHER		2026-02-20 10:25:21.56+00	2026-02-20 10:25:21.56+00	2
3	http://www.flickr/12	FLICKR		2026-02-20 10:54:29.829+00	2026-02-20 10:54:29.829+00	2
4	http://www.flickr/45	FLICKR		2026-02-20 10:57:13.444+00	2026-02-20 10:57:13.444+00	2
\.


--
-- Data for Name: users_user; Type: TABLE DATA; Schema: public; Owner: ortrta_user
--

COPY public.users_user (id, password, last_login, is_superuser, username, first_name, last_name, email, is_staff, is_active, date_joined, created_at, updated_at) FROM stdin;
1	pbkdf2_sha256$1200000$AEHsIoSknqOZI1vhMjdmyp$fF3UNiLBv48hWoKfKEOW9wDhjP6Ij7+tzyd8pYvraSk=	2026-03-10 14:52:28.503+00	t	Topi			topilechien@free.fr	t	t	2026-02-20 09:46:42.961+00	2026-02-20 09:46:43.645+00	2026-02-20 09:46:43.645+00
2	pbkdf2_sha256$1200000$2XP715PEDD5rN8rnMbJvwX$4GTDdjoX71b11rMTLWqwur5h4Jl/8BSGmwImBDUVC34=	\N	f	Pamela				f	t	2026-02-20 09:50:45.811+00	2026-02-20 09:50:46.539+00	2026-02-20 09:50:46.539+00
3	pbkdf2_sha256$1200000$EQFYEsvOzCHZO8zs70tKGX$jsYQjiC1aMRulhwlk1DZHFhPyfQu5hHqa21+p0wzmok=	\N	f	nouveluser			test@test.com	f	t	2026-02-20 14:56:48.812+00	2026-02-20 14:56:49.624+00	2026-02-20 14:56:49.624+00
4	pbkdf2_sha256$1200000$UuFZ5WLif1fhZiNyepQA4k$0zp2l5PCRzNtHd0Lcr9Msr9CBCzOWNpPqWUsP+AXUKM=	\N	f	nouveluser2			tes2t@test.com	f	t	2026-02-20 14:58:40.877+00	2026-02-20 14:58:41.675+00	2026-02-20 14:58:41.675+00
5	pbkdf2_sha256$1200000$QeGWPhuHmGeN2WOHGyA9bo$5+B28RsHH0Z/5LpfJ7xw3wVXdtwB24Kbspgul5P1yt0=	\N	f	camille			camille@test.com	f	t	2026-03-16 14:02:42.711+00	2026-03-16 14:02:44.465+00	2026-03-16 14:02:44.465+00
6	pbkdf2_sha256$1200000$82ohFx6mRusGK6sfJgJSwL$Uev1J2FdnTZEXQaR2fHHfoL4R8qewNPAJq9kKRG4PEM=	\N	f	Poppy			poppy@example.com	f	t	2026-03-16 15:04:25.431+00	2026-03-16 15:04:27.198+00	2026-03-17 11:08:02.719+00
8	pbkdf2_sha256$1200000$Z2lxi7sjPk30h1Pvi3OQ7u$QWAs7Z08gYVIh9sw+SbLbUzdUJt0AaiXJBvI0Oifu8s=	\N	f	Toto			toto@example.fr	f	t	2026-03-17 15:14:15.334+00	2026-03-17 15:14:17.122+00	2026-03-17 15:14:17.122+00
\.


--
-- Data for Name: users_user_groups; Type: TABLE DATA; Schema: public; Owner: ortrta_user
--

COPY public.users_user_groups (id, user_id, group_id) FROM stdin;
\.


--
-- Data for Name: users_user_user_permissions; Type: TABLE DATA; Schema: public; Owner: ortrta_user
--

COPY public.users_user_user_permissions (id, user_id, permission_id) FROM stdin;
\.


--
-- Name: auth_group_id_seq; Type: SEQUENCE SET; Schema: public; Owner: ortrta_user
--

SELECT pg_catalog.setval('public.auth_group_id_seq', 1, false);


--
-- Name: auth_group_permissions_id_seq; Type: SEQUENCE SET; Schema: public; Owner: ortrta_user
--

SELECT pg_catalog.setval('public.auth_group_permissions_id_seq', 1, false);


--
-- Name: auth_permission_id_seq; Type: SEQUENCE SET; Schema: public; Owner: ortrta_user
--

SELECT pg_catalog.setval('public.auth_permission_id_seq', 44, true);


--
-- Name: django_admin_log_id_seq; Type: SEQUENCE SET; Schema: public; Owner: ortrta_user
--

SELECT pg_catalog.setval('public.django_admin_log_id_seq', 29, true);


--
-- Name: django_content_type_id_seq; Type: SEQUENCE SET; Schema: public; Owner: ortrta_user
--

SELECT pg_catalog.setval('public.django_content_type_id_seq', 11, true);


--
-- Name: django_migrations_id_seq; Type: SEQUENCE SET; Schema: public; Owner: ortrta_user
--

SELECT pg_catalog.setval('public.django_migrations_id_seq', 37, true);


--
-- Name: equipment_camera_id_seq; Type: SEQUENCE SET; Schema: public; Owner: ortrta_user
--

SELECT pg_catalog.setval('public.equipment_camera_id_seq', 16, true);


--
-- Name: equipment_lens_cameras_id_seq; Type: SEQUENCE SET; Schema: public; Owner: ortrta_user
--

SELECT pg_catalog.setval('public.equipment_lens_cameras_id_seq', 5, true);


--
-- Name: equipment_lens_id_seq; Type: SEQUENCE SET; Schema: public; Owner: ortrta_user
--

SELECT pg_catalog.setval('public.equipment_lens_id_seq', 9, true);


--
-- Name: equipment_mount_id_seq; Type: SEQUENCE SET; Schema: public; Owner: ortrta_user
--

SELECT pg_catalog.setval('public.equipment_mount_id_seq', 10, true);


--
-- Name: rolls_roll_id_seq; Type: SEQUENCE SET; Schema: public; Owner: ortrta_user
--

SELECT pg_catalog.setval('public.rolls_roll_id_seq', 28, true);


--
-- Name: rolls_urlphoto_id_seq; Type: SEQUENCE SET; Schema: public; Owner: ortrta_user
--

SELECT pg_catalog.setval('public.rolls_urlphoto_id_seq', 4, true);


--
-- Name: users_user_groups_id_seq; Type: SEQUENCE SET; Schema: public; Owner: ortrta_user
--

SELECT pg_catalog.setval('public.users_user_groups_id_seq', 1, false);


--
-- Name: users_user_id_seq; Type: SEQUENCE SET; Schema: public; Owner: ortrta_user
--

SELECT pg_catalog.setval('public.users_user_id_seq', 8, true);


--
-- Name: users_user_user_permissions_id_seq; Type: SEQUENCE SET; Schema: public; Owner: ortrta_user
--

SELECT pg_catalog.setval('public.users_user_user_permissions_id_seq', 1, false);


--
-- Name: auth_group auth_group_name_key; Type: CONSTRAINT; Schema: public; Owner: ortrta_user
--

ALTER TABLE ONLY public.auth_group
    ADD CONSTRAINT auth_group_name_key UNIQUE (name);


--
-- Name: auth_group_permissions auth_group_permissions_group_id_permission_id_0cd325b0_uniq; Type: CONSTRAINT; Schema: public; Owner: ortrta_user
--

ALTER TABLE ONLY public.auth_group_permissions
    ADD CONSTRAINT auth_group_permissions_group_id_permission_id_0cd325b0_uniq UNIQUE (group_id, permission_id);


--
-- Name: auth_group_permissions auth_group_permissions_pkey; Type: CONSTRAINT; Schema: public; Owner: ortrta_user
--

ALTER TABLE ONLY public.auth_group_permissions
    ADD CONSTRAINT auth_group_permissions_pkey PRIMARY KEY (id);


--
-- Name: auth_group auth_group_pkey; Type: CONSTRAINT; Schema: public; Owner: ortrta_user
--

ALTER TABLE ONLY public.auth_group
    ADD CONSTRAINT auth_group_pkey PRIMARY KEY (id);


--
-- Name: auth_permission auth_permission_content_type_id_codename_01ab375a_uniq; Type: CONSTRAINT; Schema: public; Owner: ortrta_user
--

ALTER TABLE ONLY public.auth_permission
    ADD CONSTRAINT auth_permission_content_type_id_codename_01ab375a_uniq UNIQUE (content_type_id, codename);


--
-- Name: auth_permission auth_permission_pkey; Type: CONSTRAINT; Schema: public; Owner: ortrta_user
--

ALTER TABLE ONLY public.auth_permission
    ADD CONSTRAINT auth_permission_pkey PRIMARY KEY (id);


--
-- Name: django_admin_log django_admin_log_pkey; Type: CONSTRAINT; Schema: public; Owner: ortrta_user
--

ALTER TABLE ONLY public.django_admin_log
    ADD CONSTRAINT django_admin_log_pkey PRIMARY KEY (id);


--
-- Name: django_content_type django_content_type_app_label_model_76bd3d3b_uniq; Type: CONSTRAINT; Schema: public; Owner: ortrta_user
--

ALTER TABLE ONLY public.django_content_type
    ADD CONSTRAINT django_content_type_app_label_model_76bd3d3b_uniq UNIQUE (app_label, model);


--
-- Name: django_content_type django_content_type_pkey; Type: CONSTRAINT; Schema: public; Owner: ortrta_user
--

ALTER TABLE ONLY public.django_content_type
    ADD CONSTRAINT django_content_type_pkey PRIMARY KEY (id);


--
-- Name: django_migrations django_migrations_pkey; Type: CONSTRAINT; Schema: public; Owner: ortrta_user
--

ALTER TABLE ONLY public.django_migrations
    ADD CONSTRAINT django_migrations_pkey PRIMARY KEY (id);


--
-- Name: django_session django_session_pkey; Type: CONSTRAINT; Schema: public; Owner: ortrta_user
--

ALTER TABLE ONLY public.django_session
    ADD CONSTRAINT django_session_pkey PRIMARY KEY (session_key);


--
-- Name: equipment_camera equipment_camera_pkey; Type: CONSTRAINT; Schema: public; Owner: ortrta_user
--

ALTER TABLE ONLY public.equipment_camera
    ADD CONSTRAINT equipment_camera_pkey PRIMARY KEY (id);


--
-- Name: equipment_lens_cameras equipment_lens_cameras_lens_id_camera_id_c8ac3bc5_uniq; Type: CONSTRAINT; Schema: public; Owner: ortrta_user
--

ALTER TABLE ONLY public.equipment_lens_cameras
    ADD CONSTRAINT equipment_lens_cameras_lens_id_camera_id_c8ac3bc5_uniq UNIQUE (lens_id, camera_id);


--
-- Name: equipment_lens_cameras equipment_lens_cameras_pkey; Type: CONSTRAINT; Schema: public; Owner: ortrta_user
--

ALTER TABLE ONLY public.equipment_lens_cameras
    ADD CONSTRAINT equipment_lens_cameras_pkey PRIMARY KEY (id);


--
-- Name: equipment_lens equipment_lens_pkey; Type: CONSTRAINT; Schema: public; Owner: ortrta_user
--

ALTER TABLE ONLY public.equipment_lens
    ADD CONSTRAINT equipment_lens_pkey PRIMARY KEY (id);


--
-- Name: equipment_mount equipment_mount_name_key; Type: CONSTRAINT; Schema: public; Owner: ortrta_user
--

ALTER TABLE ONLY public.equipment_mount
    ADD CONSTRAINT equipment_mount_name_key UNIQUE (name);


--
-- Name: equipment_mount equipment_mount_pkey; Type: CONSTRAINT; Schema: public; Owner: ortrta_user
--

ALTER TABLE ONLY public.equipment_mount
    ADD CONSTRAINT equipment_mount_pkey PRIMARY KEY (id);


--
-- Name: rolls_roll rolls_roll_pkey; Type: CONSTRAINT; Schema: public; Owner: ortrta_user
--

ALTER TABLE ONLY public.rolls_roll
    ADD CONSTRAINT rolls_roll_pkey PRIMARY KEY (id);


--
-- Name: rolls_roll rolls_roll_slug_key; Type: CONSTRAINT; Schema: public; Owner: ortrta_user
--

ALTER TABLE ONLY public.rolls_roll
    ADD CONSTRAINT rolls_roll_slug_key UNIQUE (slug);


--
-- Name: rolls_urlphoto rolls_urlphoto_pkey; Type: CONSTRAINT; Schema: public; Owner: ortrta_user
--

ALTER TABLE ONLY public.rolls_urlphoto
    ADD CONSTRAINT rolls_urlphoto_pkey PRIMARY KEY (id);


--
-- Name: users_user users_user_email_243f6e77_uniq; Type: CONSTRAINT; Schema: public; Owner: ortrta_user
--

ALTER TABLE ONLY public.users_user
    ADD CONSTRAINT users_user_email_243f6e77_uniq UNIQUE (email);


--
-- Name: users_user_groups users_user_groups_pkey; Type: CONSTRAINT; Schema: public; Owner: ortrta_user
--

ALTER TABLE ONLY public.users_user_groups
    ADD CONSTRAINT users_user_groups_pkey PRIMARY KEY (id);


--
-- Name: users_user_groups users_user_groups_user_id_group_id_b88eab82_uniq; Type: CONSTRAINT; Schema: public; Owner: ortrta_user
--

ALTER TABLE ONLY public.users_user_groups
    ADD CONSTRAINT users_user_groups_user_id_group_id_b88eab82_uniq UNIQUE (user_id, group_id);


--
-- Name: users_user users_user_pkey; Type: CONSTRAINT; Schema: public; Owner: ortrta_user
--

ALTER TABLE ONLY public.users_user
    ADD CONSTRAINT users_user_pkey PRIMARY KEY (id);


--
-- Name: users_user_user_permissions users_user_user_permissions_pkey; Type: CONSTRAINT; Schema: public; Owner: ortrta_user
--

ALTER TABLE ONLY public.users_user_user_permissions
    ADD CONSTRAINT users_user_user_permissions_pkey PRIMARY KEY (id);


--
-- Name: users_user_user_permissions users_user_user_permissions_user_id_permission_id_43338c45_uniq; Type: CONSTRAINT; Schema: public; Owner: ortrta_user
--

ALTER TABLE ONLY public.users_user_user_permissions
    ADD CONSTRAINT users_user_user_permissions_user_id_permission_id_43338c45_uniq UNIQUE (user_id, permission_id);


--
-- Name: users_user users_user_username_key; Type: CONSTRAINT; Schema: public; Owner: ortrta_user
--

ALTER TABLE ONLY public.users_user
    ADD CONSTRAINT users_user_username_key UNIQUE (username);


--
-- Name: auth_group_name_a6ea08ec_like; Type: INDEX; Schema: public; Owner: ortrta_user
--

CREATE INDEX auth_group_name_a6ea08ec_like ON public.auth_group USING btree (name varchar_pattern_ops);


--
-- Name: auth_group_permissions_group_id_b120cbf9; Type: INDEX; Schema: public; Owner: ortrta_user
--

CREATE INDEX auth_group_permissions_group_id_b120cbf9 ON public.auth_group_permissions USING btree (group_id);


--
-- Name: auth_group_permissions_permission_id_84c5c92e; Type: INDEX; Schema: public; Owner: ortrta_user
--

CREATE INDEX auth_group_permissions_permission_id_84c5c92e ON public.auth_group_permissions USING btree (permission_id);


--
-- Name: auth_permission_content_type_id_2f476e4b; Type: INDEX; Schema: public; Owner: ortrta_user
--

CREATE INDEX auth_permission_content_type_id_2f476e4b ON public.auth_permission USING btree (content_type_id);


--
-- Name: django_admin_log_content_type_id_c4bce8eb; Type: INDEX; Schema: public; Owner: ortrta_user
--

CREATE INDEX django_admin_log_content_type_id_c4bce8eb ON public.django_admin_log USING btree (content_type_id);


--
-- Name: django_admin_log_user_id_c564eba6; Type: INDEX; Schema: public; Owner: ortrta_user
--

CREATE INDEX django_admin_log_user_id_c564eba6 ON public.django_admin_log USING btree (user_id);


--
-- Name: django_session_expire_date_a5c62663; Type: INDEX; Schema: public; Owner: ortrta_user
--

CREATE INDEX django_session_expire_date_a5c62663 ON public.django_session USING btree (expire_date);


--
-- Name: django_session_session_key_c0390e0f_like; Type: INDEX; Schema: public; Owner: ortrta_user
--

CREATE INDEX django_session_session_key_c0390e0f_like ON public.django_session USING btree (session_key varchar_pattern_ops);


--
-- Name: equipment_camera_mount_id_d0afe0c6; Type: INDEX; Schema: public; Owner: ortrta_user
--

CREATE INDEX equipment_camera_mount_id_d0afe0c6 ON public.equipment_camera USING btree (mount_id);


--
-- Name: equipment_camera_user_id_4e572e74; Type: INDEX; Schema: public; Owner: ortrta_user
--

CREATE INDEX equipment_camera_user_id_4e572e74 ON public.equipment_camera USING btree (user_id);


--
-- Name: equipment_lens_cameras_camera_id_426cd29e; Type: INDEX; Schema: public; Owner: ortrta_user
--

CREATE INDEX equipment_lens_cameras_camera_id_426cd29e ON public.equipment_lens_cameras USING btree (camera_id);


--
-- Name: equipment_lens_cameras_lens_id_27d99ea2; Type: INDEX; Schema: public; Owner: ortrta_user
--

CREATE INDEX equipment_lens_cameras_lens_id_27d99ea2 ON public.equipment_lens_cameras USING btree (lens_id);


--
-- Name: equipment_lens_mount_id_1ff0e05f; Type: INDEX; Schema: public; Owner: ortrta_user
--

CREATE INDEX equipment_lens_mount_id_1ff0e05f ON public.equipment_lens USING btree (mount_id);


--
-- Name: equipment_lens_user_id_ee5bd9cf; Type: INDEX; Schema: public; Owner: ortrta_user
--

CREATE INDEX equipment_lens_user_id_ee5bd9cf ON public.equipment_lens USING btree (user_id);


--
-- Name: equipment_mount_name_c6807be3_like; Type: INDEX; Schema: public; Owner: ortrta_user
--

CREATE INDEX equipment_mount_name_c6807be3_like ON public.equipment_mount USING btree (name varchar_pattern_ops);


--
-- Name: rolls_roll_camera_id_500300c1; Type: INDEX; Schema: public; Owner: ortrta_user
--

CREATE INDEX rolls_roll_camera_id_500300c1 ON public.rolls_roll USING btree (camera_id);


--
-- Name: rolls_roll_date_st_348e10_idx; Type: INDEX; Schema: public; Owner: ortrta_user
--

CREATE INDEX rolls_roll_date_st_348e10_idx ON public.rolls_roll USING btree (date_start);


--
-- Name: rolls_roll_lens_id_64e95962; Type: INDEX; Schema: public; Owner: ortrta_user
--

CREATE INDEX rolls_roll_lens_id_64e95962 ON public.rolls_roll USING btree (lens_id);


--
-- Name: rolls_roll_slug_03373751_like; Type: INDEX; Schema: public; Owner: ortrta_user
--

CREATE INDEX rolls_roll_slug_03373751_like ON public.rolls_roll USING btree (slug varchar_pattern_ops);


--
-- Name: rolls_roll_status_1ec112_idx; Type: INDEX; Schema: public; Owner: ortrta_user
--

CREATE INDEX rolls_roll_status_1ec112_idx ON public.rolls_roll USING btree (status);


--
-- Name: rolls_roll_user_id_31701ed5; Type: INDEX; Schema: public; Owner: ortrta_user
--

CREATE INDEX rolls_roll_user_id_31701ed5 ON public.rolls_roll USING btree (user_id);


--
-- Name: rolls_roll_user_id_5802d7_idx; Type: INDEX; Schema: public; Owner: ortrta_user
--

CREATE INDEX rolls_roll_user_id_5802d7_idx ON public.rolls_roll USING btree (user_id);


--
-- Name: rolls_urlphoto_roll_id_4e9d52e6; Type: INDEX; Schema: public; Owner: ortrta_user
--

CREATE INDEX rolls_urlphoto_roll_id_4e9d52e6 ON public.rolls_urlphoto USING btree (roll_id);


--
-- Name: users_user_email_243f6e77_like; Type: INDEX; Schema: public; Owner: ortrta_user
--

CREATE INDEX users_user_email_243f6e77_like ON public.users_user USING btree (email varchar_pattern_ops);


--
-- Name: users_user_groups_group_id_9afc8d0e; Type: INDEX; Schema: public; Owner: ortrta_user
--

CREATE INDEX users_user_groups_group_id_9afc8d0e ON public.users_user_groups USING btree (group_id);


--
-- Name: users_user_groups_user_id_5f6f5a90; Type: INDEX; Schema: public; Owner: ortrta_user
--

CREATE INDEX users_user_groups_user_id_5f6f5a90 ON public.users_user_groups USING btree (user_id);


--
-- Name: users_user_user_permissions_permission_id_0b93982e; Type: INDEX; Schema: public; Owner: ortrta_user
--

CREATE INDEX users_user_user_permissions_permission_id_0b93982e ON public.users_user_user_permissions USING btree (permission_id);


--
-- Name: users_user_user_permissions_user_id_20aca447; Type: INDEX; Schema: public; Owner: ortrta_user
--

CREATE INDEX users_user_user_permissions_user_id_20aca447 ON public.users_user_user_permissions USING btree (user_id);


--
-- Name: users_user_username_06e46fe6_like; Type: INDEX; Schema: public; Owner: ortrta_user
--

CREATE INDEX users_user_username_06e46fe6_like ON public.users_user USING btree (username varchar_pattern_ops);


--
-- Name: auth_group_permissions auth_group_permissio_permission_id_84c5c92e_fk_auth_perm; Type: FK CONSTRAINT; Schema: public; Owner: ortrta_user
--

ALTER TABLE ONLY public.auth_group_permissions
    ADD CONSTRAINT auth_group_permissio_permission_id_84c5c92e_fk_auth_perm FOREIGN KEY (permission_id) REFERENCES public.auth_permission(id) DEFERRABLE INITIALLY DEFERRED;


--
-- Name: auth_group_permissions auth_group_permissions_group_id_b120cbf9_fk_auth_group_id; Type: FK CONSTRAINT; Schema: public; Owner: ortrta_user
--

ALTER TABLE ONLY public.auth_group_permissions
    ADD CONSTRAINT auth_group_permissions_group_id_b120cbf9_fk_auth_group_id FOREIGN KEY (group_id) REFERENCES public.auth_group(id) DEFERRABLE INITIALLY DEFERRED;


--
-- Name: auth_permission auth_permission_content_type_id_2f476e4b_fk_django_co; Type: FK CONSTRAINT; Schema: public; Owner: ortrta_user
--

ALTER TABLE ONLY public.auth_permission
    ADD CONSTRAINT auth_permission_content_type_id_2f476e4b_fk_django_co FOREIGN KEY (content_type_id) REFERENCES public.django_content_type(id) DEFERRABLE INITIALLY DEFERRED;


--
-- Name: django_admin_log django_admin_log_content_type_id_c4bce8eb_fk_django_co; Type: FK CONSTRAINT; Schema: public; Owner: ortrta_user
--

ALTER TABLE ONLY public.django_admin_log
    ADD CONSTRAINT django_admin_log_content_type_id_c4bce8eb_fk_django_co FOREIGN KEY (content_type_id) REFERENCES public.django_content_type(id) DEFERRABLE INITIALLY DEFERRED;


--
-- Name: django_admin_log django_admin_log_user_id_c564eba6_fk_users_user_id; Type: FK CONSTRAINT; Schema: public; Owner: ortrta_user
--

ALTER TABLE ONLY public.django_admin_log
    ADD CONSTRAINT django_admin_log_user_id_c564eba6_fk_users_user_id FOREIGN KEY (user_id) REFERENCES public.users_user(id) DEFERRABLE INITIALLY DEFERRED;


--
-- Name: equipment_camera equipment_camera_mount_id_d0afe0c6_fk_equipment_mount_id; Type: FK CONSTRAINT; Schema: public; Owner: ortrta_user
--

ALTER TABLE ONLY public.equipment_camera
    ADD CONSTRAINT equipment_camera_mount_id_d0afe0c6_fk_equipment_mount_id FOREIGN KEY (mount_id) REFERENCES public.equipment_mount(id) DEFERRABLE INITIALLY DEFERRED;


--
-- Name: equipment_camera equipment_camera_user_id_4e572e74_fk_users_user_id; Type: FK CONSTRAINT; Schema: public; Owner: ortrta_user
--

ALTER TABLE ONLY public.equipment_camera
    ADD CONSTRAINT equipment_camera_user_id_4e572e74_fk_users_user_id FOREIGN KEY (user_id) REFERENCES public.users_user(id) DEFERRABLE INITIALLY DEFERRED;


--
-- Name: equipment_lens_cameras equipment_lens_camer_camera_id_426cd29e_fk_equipment; Type: FK CONSTRAINT; Schema: public; Owner: ortrta_user
--

ALTER TABLE ONLY public.equipment_lens_cameras
    ADD CONSTRAINT equipment_lens_camer_camera_id_426cd29e_fk_equipment FOREIGN KEY (camera_id) REFERENCES public.equipment_camera(id) DEFERRABLE INITIALLY DEFERRED;


--
-- Name: equipment_lens_cameras equipment_lens_cameras_lens_id_27d99ea2_fk_equipment_lens_id; Type: FK CONSTRAINT; Schema: public; Owner: ortrta_user
--

ALTER TABLE ONLY public.equipment_lens_cameras
    ADD CONSTRAINT equipment_lens_cameras_lens_id_27d99ea2_fk_equipment_lens_id FOREIGN KEY (lens_id) REFERENCES public.equipment_lens(id) DEFERRABLE INITIALLY DEFERRED;


--
-- Name: equipment_lens equipment_lens_mount_id_1ff0e05f_fk_equipment_mount_id; Type: FK CONSTRAINT; Schema: public; Owner: ortrta_user
--

ALTER TABLE ONLY public.equipment_lens
    ADD CONSTRAINT equipment_lens_mount_id_1ff0e05f_fk_equipment_mount_id FOREIGN KEY (mount_id) REFERENCES public.equipment_mount(id) DEFERRABLE INITIALLY DEFERRED;


--
-- Name: equipment_lens equipment_lens_user_id_ee5bd9cf_fk_users_user_id; Type: FK CONSTRAINT; Schema: public; Owner: ortrta_user
--

ALTER TABLE ONLY public.equipment_lens
    ADD CONSTRAINT equipment_lens_user_id_ee5bd9cf_fk_users_user_id FOREIGN KEY (user_id) REFERENCES public.users_user(id) DEFERRABLE INITIALLY DEFERRED;


--
-- Name: rolls_roll rolls_roll_camera_id_500300c1_fk_equipment_camera_id; Type: FK CONSTRAINT; Schema: public; Owner: ortrta_user
--

ALTER TABLE ONLY public.rolls_roll
    ADD CONSTRAINT rolls_roll_camera_id_500300c1_fk_equipment_camera_id FOREIGN KEY (camera_id) REFERENCES public.equipment_camera(id) DEFERRABLE INITIALLY DEFERRED;


--
-- Name: rolls_roll rolls_roll_lens_id_64e95962_fk_equipment_lens_id; Type: FK CONSTRAINT; Schema: public; Owner: ortrta_user
--

ALTER TABLE ONLY public.rolls_roll
    ADD CONSTRAINT rolls_roll_lens_id_64e95962_fk_equipment_lens_id FOREIGN KEY (lens_id) REFERENCES public.equipment_lens(id) DEFERRABLE INITIALLY DEFERRED;


--
-- Name: rolls_roll rolls_roll_user_id_31701ed5_fk_users_user_id; Type: FK CONSTRAINT; Schema: public; Owner: ortrta_user
--

ALTER TABLE ONLY public.rolls_roll
    ADD CONSTRAINT rolls_roll_user_id_31701ed5_fk_users_user_id FOREIGN KEY (user_id) REFERENCES public.users_user(id) DEFERRABLE INITIALLY DEFERRED;


--
-- Name: rolls_urlphoto rolls_urlphoto_roll_id_4e9d52e6_fk_rolls_roll_id; Type: FK CONSTRAINT; Schema: public; Owner: ortrta_user
--

ALTER TABLE ONLY public.rolls_urlphoto
    ADD CONSTRAINT rolls_urlphoto_roll_id_4e9d52e6_fk_rolls_roll_id FOREIGN KEY (roll_id) REFERENCES public.rolls_roll(id) DEFERRABLE INITIALLY DEFERRED;


--
-- Name: users_user_groups users_user_groups_group_id_9afc8d0e_fk_auth_group_id; Type: FK CONSTRAINT; Schema: public; Owner: ortrta_user
--

ALTER TABLE ONLY public.users_user_groups
    ADD CONSTRAINT users_user_groups_group_id_9afc8d0e_fk_auth_group_id FOREIGN KEY (group_id) REFERENCES public.auth_group(id) DEFERRABLE INITIALLY DEFERRED;


--
-- Name: users_user_groups users_user_groups_user_id_5f6f5a90_fk_users_user_id; Type: FK CONSTRAINT; Schema: public; Owner: ortrta_user
--

ALTER TABLE ONLY public.users_user_groups
    ADD CONSTRAINT users_user_groups_user_id_5f6f5a90_fk_users_user_id FOREIGN KEY (user_id) REFERENCES public.users_user(id) DEFERRABLE INITIALLY DEFERRED;


--
-- Name: users_user_user_permissions users_user_user_perm_permission_id_0b93982e_fk_auth_perm; Type: FK CONSTRAINT; Schema: public; Owner: ortrta_user
--

ALTER TABLE ONLY public.users_user_user_permissions
    ADD CONSTRAINT users_user_user_perm_permission_id_0b93982e_fk_auth_perm FOREIGN KEY (permission_id) REFERENCES public.auth_permission(id) DEFERRABLE INITIALLY DEFERRED;


--
-- Name: users_user_user_permissions users_user_user_permissions_user_id_20aca447_fk_users_user_id; Type: FK CONSTRAINT; Schema: public; Owner: ortrta_user
--

ALTER TABLE ONLY public.users_user_user_permissions
    ADD CONSTRAINT users_user_user_permissions_user_id_20aca447_fk_users_user_id FOREIGN KEY (user_id) REFERENCES public.users_user(id) DEFERRABLE INITIALLY DEFERRED;


--
-- PostgreSQL database dump complete
--

\unrestrict 3Ar7RdYjZxZmh3tDt0Icj4FZfQh7Ht9Pxfl073NuMqGSmCd8ew4OeVjP9MPzVBv

