[{"model": "admin.logentry", "pk": 1, "fields": {"action_time": "2026-02-20T09:50:46.545Z", "user": 1, "content_type": 6, "object_id": "2", "object_repr": "Pamela", "action_flag": 1, "change_message": "[{\"added\": {}}]"}}, {"model": "admin.logentry", "pk": 2, "fields": {"action_time": "2026-02-20T09:55:20.274Z", "user": 1, "content_type": 7, "object_id": "1", "object_repr": "diana f+", "action_flag": 1, "change_message": "[{\"added\": {}}]"}}, {"model": "admin.logentry", "pk": 3, "fields": {"action_time": "2026-02-20T09:55:36.144Z", "user": 1, "content_type": 7, "object_id": "2", "object_repr": "olympus trip 35", "action_flag": 1, "change_message": "[{\"added\": {}}]"}}, {"model": "admin.logentry", "pk": 4, "fields": {"action_time": "2026-02-20T09:56:26.814Z", "user": 1, "content_type": 8, "object_id": "1", "object_repr": "super wilde", "action_flag": 1, "change_message": "[{\"added\": {}}]"}}, {"model": "admin.logentry", "pk": 5, "fields": {"action_time": "2026-02-20T09:57:35.416Z", "user": 1, "content_type": 9, "object_id": "1", "object_repr": "porta 500", "action_flag": 1, "change_message": "[{\"added\": {}}]"}}, {"model": "admin.logentry", "pk": 6, "fields": {"action_time": "2026-02-20T09:59:41.807Z", "user": 1, "content_type": 10, "object_id": "1", "object_repr": "https://www.example.fr", "action_flag": 1, "change_message": "[{\"added\": {}}]"}}, {"model": "admin.logentry", "pk": 7, "fields": {"action_time": "2026-02-20T10:24:41.197Z", "user": 1, "content_type": 9, "object_id": "2", "object_repr": "kodak 400 (Pamela)", "action_flag": 1, "change_message": "[{\"added\": {}}]"}}, {"model": "admin.logentry", "pk": 8, "fields": {"action_time": "2026-02-20T10:25:21.562Z", "user": 1, "content_type": 10, "object_id": "2", "object_repr": "https://www.example.com", "action_flag": 1, "change_message": "[{\"added\": {}}]"}}, {"model": "admin.logentry", "pk": 9, "fields": {"action_time": "2026-02-27T15:16:50.451Z", "user": 1, "content_type": 9, "object_id": "4", "object_repr": "lomo (Pamela)", "action_flag": 1, "change_message": "[{\"added\": {}}]"}}, {"model": "admin.logentry", "pk": 10, "fields": {"action_time": "2026-03-03T13:17:59.191Z", "user": 1, "content_type": 7, "object_id": "3", "object_repr": "Diana F+", "action_flag": 1, "change_message": "[{\"added\": {}}]"}}, {"model": "admin.logentry", "pk": 11, "fields": {"action_time": "2026-03-03T14:14:07.065Z", "user": 1, "content_type": 9, "object_id": "5", "object_repr": "fujifilm color (Topi)", "action_flag": 2, "change_message": "[{\"changed\": {\"fields\": [\"Date end\", \"Date development\", \"Date scan\"]}}]"}}, {"model": "admin.logentry", "pk": 12, "fields": {"action_time": "2026-03-05T09:57:28.381Z", "user": 1, "content_type": 9, "object_id": "6", "object_repr": "Porta (Topi)", "action_flag": 1, "change_message": "[{\"added\": {}}]"}}, {"model": "admin.logentry", "pk": 13, "fields": {"action_time": "2026-03-05T09:58:10.591Z", "user": 1, "content_type": 9, "object_id": "7", "object_repr": "Lomo purple (Topi)", "action_flag": 1, "change_message": "[{\"added\": {}}]"}}, {"model": "admin.logentry", "pk": 14, "fields": {"action_time": "2026-03-05T15:13:31.439Z", "user": 1, "content_type": 7, "object_id": "4", "object_repr": "olympus trip 35", "action_flag": 1, "change_message": "[{\"added\": {}}]"}}, {"model": "admin.logentry", "pk": 15, "fields": {"action_time": "2026-03-10T14:52:44.389Z", "user": 1, "content_type": 11, "object_id": "1", "object_repr": "Diana", "action_flag": 1, "change_message": "[{\"added\": {}}]"}}, {"model": "admin.logentry", "pk": 16, "fields": {"action_time": "2026-03-10T15:09:33.721Z", "user": 1, "content_type": 11, "object_id": "1", "object_repr": "Diana", "action_flag": 3, "change_message": ""}}, {"model": "admin.logentry", "pk": 17, "fields": {"action_time": "2026-03-10T15:09:44.237Z", "user": 1, "content_type": 11, "object_id": "2", "object_repr": "Diana", "action_flag": 1, "change_message": "[{\"added\": {}}]"}}, {"model": "admin.logentry", "pk": 18, "fields": {"action_time": "2026-03-10T15:10:12.418Z", "user": 1, "content_type": 7, "object_id": "1", "object_repr": "diana f+", "action_flag": 2, "change_message": "[{\"changed\": {\"fields\": [\"Mount\"]}}]"}}, {"model": "admin.logentry", "pk": 19, "fields": {"action_time": "2026-03-11T08:08:02.389Z", "user": 1, "content_type": 11, "object_id": "3", "object_repr": "Nikon F", "action_flag": 1, "change_message": "[{\"added\": {}}]"}}, {"model": "admin.logentry", "pk": 20, "fields": {"action_time": "2026-03-11T08:08:13.921Z", "user": 1, "content_type": 11, "object_id": "4", "object_repr": "Canon FD", "action_flag": 1, "change_message": "[{\"added\": {}}]"}}, {"model": "admin.logentry", "pk": 21, "fields": {"action_time": "2026-03-11T08:08:22.604Z", "user": 1, "content_type": 11, "object_id": "5", "object_repr": "M42", "action_flag": 1, "change_message": "[{\"added\": {}}]"}}, {"model": "admin.logentry", "pk": 22, "fields": {"action_time": "2026-03-11T08:08:32.322Z", "user": 1, "content_type": 11, "object_id": "6", "object_repr": "Leica M", "action_flag": 1, "change_message": "[{\"added\": {}}]"}}, {"model": "admin.logentry", "pk": 23, "fields": {"action_time": "2026-03-11T08:08:42.603Z", "user": 1, "content_type": 11, "object_id": "7", "object_repr": "Pentax K", "action_flag": 1, "change_message": "[{\"added\": {}}]"}}, {"model": "admin.logentry", "pk": 24, "fields": {"action_time": "2026-03-11T08:08:54.559Z", "user": 1, "content_type": 11, "object_id": "8", "object_repr": "Minolta SR", "action_flag": 1, "change_message": "[{\"added\": {}}]"}}, {"model": "admin.logentry", "pk": 25, "fields": {"action_time": "2026-03-11T08:09:07.988Z", "user": 1, "content_type": 11, "object_id": "9", "object_repr": "Olympus OM", "action_flag": 1, "change_message": "[{\"added\": {}}]"}}, {"model": "admin.logentry", "pk": 26, "fields": {"action_time": "2026-03-11T08:09:21.337Z", "user": 1, "content_type": 11, "object_id": "10", "object_repr": "Contax/Yashica", "action_flag": 1, "change_message": "[{\"added\": {}}]"}}, {"model": "admin.logentry", "pk": 27, "fields": {"action_time": "2026-03-11T08:09:39.119Z", "user": 1, "content_type": 11, "object_id": "2", "object_repr": "Diana", "action_flag": 3, "change_message": ""}}, {"model": "admin.logentry", "pk": 28, "fields": {"action_time": "2026-03-11T10:20:42.480Z", "user": 1, "content_type": 8, "object_id": "2", "object_repr": "12 mm Diana baby", "action_flag": 2, "change_message": "[{\"changed\": {\"fields\": [\"Cameras\", \"Description\"]}}]"}}, {"model": "admin.logentry", "pk": 29, "fields": {"action_time": "2026-03-11T10:21:09.486Z", "user": 1, "content_type": 8, "object_id": "2", "object_repr": "12 mm Diana baby", "action_flag": 2, "change_message": "[]"}}, {"model": "sessions.session", "pk": "t1g2mz70iohrtk9voeqkltbg7g20c434", "fields": {"session_data": ".eJxVjEEOwiAURO_C2hAopYBL9z0D-fwPUjWQlHZlvLs06UKTWc17M2_mYd-y31tc_ULsyiS7_HYB8BnLAegB5V451rKtS-CHwk_a-Fwpvm6n-3eQoeW-nmRQipw02iCBFTomYYRydkgWQPREPSFIh5AopGQtjqMkBNNhkAP7fAHpWTio:1vzyRg:Qd_gFtsfGPs69JfPhjaEEred1IllDWTFSkSpCaWZXTk", "expire_date": "2026-03-24T14:52:28.509Z"}}, {"model": "sessions.session", "pk": "tlt02znlplbv5aasce4f8fowhyy3xxca", "fields": {"session_data": ".eJxVjEEOwiAURO_C2hAopYBL9z0D-fwPUjWQlHZlvLs06UKTWc17M2_mYd-y31tc_ULsyiS7_HYB8BnLAegB5V451rKtS-CHwk_a-Fwpvm6n-3eQoeW-nmRQipw02iCBFTomYYRydkgWQPREPSFIh5AopGQtjqMkBNNhkAP7fAHpWTio:1vtN7M:Zg_A55gBKV0Ms0JUAIUqr7yB7RXUraLpkZAphQB3nuY", "expire_date": "2026-03-06T09:48:12.885Z"}}, {"model": "users.user", "pk": 1, "fields": {"password": "pbkdf2_sha256$1200000$AEHsIoSknqOZI1vhMjdmyp$fF3UNiLBv48hWoKfKEOW9wDhjP6Ij7+tzyd8pYvraSk=", "is_superuser": true, "username": "Topi", "first_name": "", "last_name": "", "is_staff": true, "is_active": true, "date_joined": "2026-02-20T09:46:42.961Z", "email": "topilechien@free.fr", "created_at": "2026-02-20T09:46:43.645Z", "updated_at": "2026-02-20T09:46:43.645Z", "last_login": "2026-03-10T14:52:28.503Z", "groups": [], "user_permissions": []}}, {"model": "users.user", "pk": 2, "fields": {"password": "pbkdf2_sha256$1200000$2XP715PEDD5rN8rnMbJvwX$4GTDdjoX71b11rMTLWqwur5h4Jl/8BSGmwImBDUVC34=", "is_superuser": false, "username": "Pamela", "first_name": "", "last_name": "", "is_staff": false, "is_active": true, "date_joined": "2026-02-20T09:50:45.811Z", "email": "", "created_at": "2026-02-20T09:50:46.539Z", "updated_at": "2026-02-20T09:50:46.539Z", "last_login": null, "groups": [], "user_permissions": []}}, {"model": "users.user", "pk": 3, "fields": {"password": "pbkdf2_sha256$1200000$EQFYEsvOzCHZO8zs70tKGX$jsYQjiC1aMRulhwlk1DZHFhPyfQu5hHqa21+p0wzmok=", "is_superuser": false, "username": "nouveluser", "first_name": "", "last_name": "", "is_staff": false, "is_active": true, "date_joined": "2026-02-20T14:56:48.812Z", "email": "test@test.com", "created_at": "2026-02-20T14:56:49.624Z", "updated_at": "2026-02-20T14:56:49.624Z", "last_login": null, "groups": [], "user_permissions": []}}, {"model": "users.user", "pk": 4, "fields": {"password": "pbkdf2_sha256$1200000$UuFZ5WLif1fhZiNyepQA4k$0zp2l5PCRzNtHd0Lcr9Msr9CBCzOWNpPqWUsP+AXUKM=", "is_superuser": false, "username": "nouveluser2", "first_name": "", "last_name": "", "is_staff": false, "is_active": true, "date_joined": "2026-02-20T14:58:40.877Z", "email": "tes2t@test.com", "created_at": "2026-02-20T14:58:41.675Z", "updated_at": "2026-02-20T14:58:41.675Z", "last_login": null, "groups": [], "user_permissions": []}}, {"model": "users.user", "pk": 5, "fields": {"password": "pbkdf2_sha256$1200000$QeGWPhuHmGeN2WOHGyA9bo$5+B28RsHH0Z/5LpfJ7xw3wVXdtwB24Kbspgul5P1yt0=", "is_superuser": false, "username": "camille", "first_name": "", "last_name": "", "is_staff": false, "is_active": true, "date_joined": "2026-03-16T14:02:42.711Z", "email": "camille@test.com", "created_at": "2026-03-16T14:02:44.465Z", "updated_at": "2026-03-16T14:02:44.465Z", "last_login": null, "groups": [], "user_permissions": []}}, {"model": "users.user", "pk": 6, "fields": {"password": "pbkdf2_sha256$1200000$82ohFx6mRusGK6sfJgJSwL$Uev1J2FdnTZEXQaR2fHHfoL4R8qewNPAJq9kKRG4PEM=", "is_superuser": false, "username": "Poppy", "first_name": "", "last_name": "", "is_staff": false, "is_active": true, "date_joined": "2026-03-16T15:04:25.431Z", "email": "poppy@example.com", "created_at": "2026-03-16T15:04:27.198Z", "updated_at": "2026-03-17T11:08:02.719Z", "last_login": null, "groups": [], "user_permissions": []}}, {"model": "users.user", "pk": 8, "fields": {"password": "pbkdf2_sha256$1200000$Z2lxi7sjPk30h1Pvi3OQ7u$QWAs7Z08gYVIh9sw+SbLbUzdUJt0AaiXJBvI0Oifu8s=", "is_superuser": false, "username": "Toto", "first_name": "", "last_name": "", "is_staff": false, "is_active": true, "date_joined": "2026-03-17T15:14:15.334Z", "email": "toto@example.fr", "created_at": "2026-03-17T15:14:17.122Z", "updated_at": "2026-03-17T15:14:17.122Z", "last_login": null, "groups": [], "user_permissions": []}}, {"model": "equipment.camera", "pk": 1, "fields": {"user": 2, "model": "diana f+", "mount": null, "has_fixed_lens": false, "fixed_lens_model": "", "description": "", "created_at": "2026-02-20T09:55:20.272Z", "updated_at": "2026-03-10T15:10:12.416Z"}}, {"model": "equipment.camera", "pk": 2, "fields": {"user": 2, "model": "olympus trip 35", "mount": null, "has_fixed_lens": false, "fixed_lens_model": "", "description": "", "created_at": "2026-02-20T09:55:36.142Z", "updated_at": "2026-02-20T09:55:36.142Z"}}, {"model": "equipment.camera", "pk": 3, "fields": {"user": 1, "model": "Diana F+", "mount": null, "has_fixed_lens": false, "fixed_lens_model": "", "description": "", "created_at": "2026-03-03T13:17:59.187Z", "updated_at": "2026-03-11T09:55:46.148Z"}}, {"model": "equipment.camera", "pk": 4, "fields": {"user": 1, "model": "olympus trip 35", "mount": null, "has_fixed_lens": true, "fixed_lens_model": "", "description": "vieil app rÚcupÚrÚ chez parents", "created_at": "2026-03-05T15:13:31.436Z", "updated_at": "2026-03-11T10:16:56.756Z"}}, {"model": "equipment.camera", "pk": 5, "fields": {"user": 1, "model": "action sampler", "mount": null, "has_fixed_lens": true, "fixed_lens_model": "", "description": "", "created_at": "2026-03-09T10:56:06.830Z", "updated_at": "2026-03-11T10:17:06.860Z"}}, {"model": "equipment.camera", "pk": 6, "fields": {"user": 1, "model": "Diana baby 110", "mount": null, "has_fixed_lens": false, "fixed_lens_model": "", "description": "", "created_at": "2026-03-09T10:57:31.030Z", "updated_at": "2026-03-16T13:18:45.075Z"}}, {"model": "equipment.camera", "pk": 7, "fields": {"user": 1, "model": "Diana Multi pinhole", "mount": null, "has_fixed_lens": false, "fixed_lens_model": "", "description": "pinhole avec diffÚrents filtres", "created_at": "2026-03-09T11:13:32.430Z", "updated_at": "2026-03-09T11:13:32.430Z"}}, {"model": "equipment.camera", "pk": 9, "fields": {"user": 1, "model": "Kodak m35", "mount": null, "has_fixed_lens": false, "fixed_lens_model": "", "description": "", "created_at": "2026-03-10T09:29:36.067Z", "updated_at": "2026-03-10T09:29:36.067Z"}}, {"model": "equipment.camera", "pk": 10, "fields": {"user": 1, "model": "Samsung AF Zoom 700", "mount": null, "has_fixed_lens": true, "fixed_lens_model": "", "description": "", "created_at": "2026-03-10T09:45:46.712Z", "updated_at": "2026-03-10T09:45:46.714Z"}}, {"model": "equipment.camera", "pk": 11, "fields": {"user": 1, "model": "Olympus Trip 35 custom", "mount": null, "has_fixed_lens": true, "fixed_lens_model": "", "description": "", "created_at": "2026-03-10T10:52:15.467Z", "updated_at": "2026-03-10T10:52:15.469Z"}}, {"model": "equipment.camera", "pk": 13, "fields": {"user": 1, "model": "Diana 110 kitty", "mount": null, "has_fixed_lens": false, "fixed_lens_model": "", "description": "", "created_at": "2026-03-11T10:14:58.984Z", "updated_at": "2026-03-11T10:14:58.984Z"}}, {"model": "equipment.camera", "pk": 14, "fields": {"user": 1, "model": "kodack", "mount": null, "has_fixed_lens": false, "fixed_lens_model": "", "description": "", "created_at": "2026-03-16T12:58:22.617Z", "updated_at": "2026-03-16T12:58:22.617Z"}}, {"model": "equipment.camera", "pk": 15, "fields": {"user": 6, "model": "olympus", "mount": null, "has_fixed_lens": true, "fixed_lens_model": "", "description": "", "created_at": "2026-03-16T15:04:48.774Z", "updated_at": "2026-03-16T15:04:48.774Z"}}, {"model": "equipment.camera", "pk": 16, "fields": {"user": 8, "model": "Diana F", "mount": null, "has_fixed_lens": false, "fixed_lens_model": "", "description": "", "created_at": "2026-03-18T15:49:21.038Z", "updated_at": "2026-03-18T15:49:21.038Z"}}, {"model": "equipment.lens", "pk": 1, "fields": {"user": 2, "model": "super wilde", "mount": null, "description": "", "created_at": "2026-02-20T09:56:26.812Z", "updated_at": "2026-02-20T09:56:26.812Z", "cameras": []}}, {"model": "equipment.lens", "pk": 2, "fields": {"user": 1, "model": "12 mm Diana baby", "mount": null, "description": "Grand angle\r\n0,4 m - inf", "created_at": "2026-03-09T14:33:08.998Z", "updated_at": "2026-03-11T10:21:09.480Z", "cameras": []}}, {"model": "equipment.lens", "pk": 4, "fields": {"user": 1, "model": "Wilde angle", "mount": null, "description": "", "created_at": "2026-03-10T15:11:11.570Z", "updated_at": "2026-03-16T12:58:58.111Z", "cameras": [6]}}, {"model": "equipment.lens", "pk": 5, "fields": {"user": 1, "model": "super wilde", "mount": 3, "description": "", "created_at": "2026-03-11T08:19:35.875Z", "updated_at": "2026-03-11T08:23:37.791Z", "cameras": [6]}}, {"model": "equipment.lens", "pk": 6, "fields": {"user": 1, "model": "super wilde 38mm", "mount": null, "description": "", "created_at": "2026-03-11T09:53:42.766Z", "updated_at": "2026-03-11T10:30:03.473Z", "cameras": [3]}}, {"model": "equipment.lens", "pk": 7, "fields": {"user": 1, "model": "24 mm baby", "mount": null, "description": "", "created_at": "2026-03-11T10:14:07.405Z", "updated_at": "2026-03-16T13:00:16.404Z", "cameras": [14]}}, {"model": "equipment.lens", "pk": 8, "fields": {"user": 1, "model": "fisheye", "mount": null, "description": "", "created_at": "2026-03-11T10:22:06.565Z", "updated_at": "2026-03-11T10:42:23.914Z", "cameras": [3]}}, {"model": "equipment.lens", "pk": 9, "fields": {"user": 8, "model": "super wilde", "mount": null, "description": "", "created_at": "2026-03-18T15:49:36.417Z", "updated_at": "2026-03-18T15:49:36.417Z", "cameras": []}}, {"model": "equipment.mount", "pk": 3, "fields": {"name": "Nikon F"}}, {"model": "equipment.mount", "pk": 4, "fields": {"name": "Canon FD"}}, {"model": "equipment.mount", "pk": 5, "fields": {"name": "M42"}}, {"model": "equipment.mount", "pk": 6, "fields": {"name": "Leica M"}}, {"model": "equipment.mount", "pk": 7, "fields": {"name": "Pentax K"}}, {"model": "equipment.mount", "pk": 8, "fields": {"name": "Minolta SR"}}, {"model": "equipment.mount", "pk": 9, "fields": {"name": "Olympus OM"}}, {"model": "equipment.mount", "pk": 10, "fields": {"name": "Contax/Yashica"}}, {"model": "rolls.roll", "pk": 1, "fields": {"user": 2, "camera": 1, "lens": 1, "film_name": "porta 500", "film_type": "COLOR_NEGATIVE", "iso": 50, "format": "35mm 12", "description": "", "date_start": "2026-02-20", "date_end": null, "date_development": null, "date_scan": null, "status": "IN_PROGRESS", "slug": "12", "created_at": "2026-02-20T09:57:35.412Z", "updated_at": "2026-02-20T09:57:35.412Z"}}, {"model": "rolls.roll", "pk": 2, "fields": {"user": 2, "camera": 2, "lens": null, "film_name": "kodak 400", "film_type": "COLOR_NEGATIVE", "iso": 200, "format": "35mm 24", "description": "", "date_start": "2026-02-20", "date_end": null, "date_development": null, "date_scan": null, "status": "IN_PROGRESS", "slug": "kodak-400-ZPRfPx", "created_at": "2026-02-20T10:24:41.194Z", "updated_at": "2026-02-20T10:24:41.194Z"}}, {"model": "rolls.roll", "pk": 4, "fields": {"user": 2, "camera": 1, "lens": 1, "film_name": "lomo", "film_type": "COLOR_NEGATIVE", "iso": 400, "format": "35mm 36", "description": "", "date_start": "2026-02-27", "date_end": null, "date_development": null, "date_scan": null, "status": "IN_PROGRESS", "slug": "lomo-2qj5fE", "created_at": "2026-02-27T15:16:50.445Z", "updated_at": "2026-02-27T15:16:50.445Z"}}, {"model": "rolls.roll", "pk": 5, "fields": {"user": 1, "camera": 3, "lens": null, "film_name": "fujifilm color", "film_type": "COLOR_NEGATIVE", "iso": 400, "format": "35mm 36", "description": "", "date_start": "2026-02-20", "date_end": "2026-03-03", "date_development": "2026-03-03", "date_scan": "2026-03-03", "status": "SCANNED", "slug": "fujifilm-color-4GJhWa", "created_at": "2026-03-03T13:18:15.781Z", "updated_at": "2026-03-03T14:14:07.060Z"}}, {"model": "rolls.roll", "pk": 7, "fields": {"user": 1, "camera": 2, "lens": null, "film_name": "Lomo purple", "film_type": "COLOR_NEGATIVE", "iso": 100, "format": "35MM-36", "description": "", "date_start": "2026-03-01", "date_end": "2026-03-05", "date_development": null, "date_scan": null, "status": "FINISHED", "slug": "lomo-purple-qX4aZt", "created_at": "2026-03-05T09:58:10.584Z", "updated_at": "2026-03-05T09:58:10.584Z"}}, {"model": "rolls.roll", "pk": 10, "fields": {"user": 1, "camera": 6, "lens": 2, "film_name": "kodack", "film_type": "COLOR_NEGATIVE", "iso": 400, "format": "110", "description": "", "date_start": "2026-03-04", "date_end": "2026-03-09", "date_development": "2026-03-10", "date_scan": null, "status": "DEVELOPED", "slug": "kodack-K3DHvg", "created_at": "2026-03-09T16:23:33.145Z", "updated_at": "2026-03-10T09:26:47.078Z"}}, {"model": "rolls.roll", "pk": 11, "fields": {"user": 1, "camera": 6, "lens": 2, "film_name": "Lomochrome metropolis", "film_type": "COLOR_NEGATIVE", "iso": 400, "format": "110", "description": "pellicule pÚrimÚe 2010", "date_start": "2026-02-05", "date_end": "2026-02-25", "date_development": "2026-03-07", "date_scan": "2026-03-10", "status": "SCANNED", "slug": "lomochrome-metropolis-C2Z2Si", "created_at": "2026-03-10T09:00:03.618Z", "updated_at": "2026-03-10T09:01:53.928Z"}}, {"model": "rolls.roll", "pk": 13, "fields": {"user": 1, "camera": 10, "lens": null, "film_name": "Fuji superia", "film_type": "COLOR_NEGATIVE", "iso": 400, "format": "35MM-24", "description": "", "date_start": "2025-02-08", "date_end": "2025-03-04", "date_development": "2025-03-06", "date_scan": "2025-03-29", "status": "SCANNED", "slug": "fuji-superia-93an8f", "created_at": "2026-03-10T09:48:08.657Z", "updated_at": "2026-03-10T09:48:08.657Z"}}, {"model": "rolls.roll", "pk": 24, "fields": {"user": 1, "camera": 3, "lens": null, "film_name": "lomo color", "film_type": "COLOR_NEGATIVE", "iso": 400, "format": "35MM-24", "description": "", "date_start": "2026-03-12", "date_end": null, "date_development": null, "date_scan": null, "status": "IN_PROGRESS", "slug": "lomo-color-WnQENe", "created_at": "2026-03-13T13:36:14.113Z", "updated_at": "2026-03-13T13:36:14.113Z"}}, {"model": "rolls.roll", "pk": 26, "fields": {"user": 1, "camera": 6, "lens": 2, "film_name": "fujifilm", "film_type": "BLACK_AND_WHITE", "iso": 400, "format": "110", "description": "", "date_start": "2026-03-09", "date_end": null, "date_development": null, "date_scan": null, "status": "IN_PROGRESS", "slug": "fujifilm-oUr2PZ", "created_at": "2026-03-16T13:19:26.435Z", "updated_at": "2026-03-16T13:19:26.435Z"}}, {"model": "rolls.roll", "pk": 27, "fields": {"user": 6, "camera": 15, "lens": null, "film_name": "lomo purple", "film_type": "COLOR_NEGATIVE", "iso": 400, "format": "35MM-36", "description": "", "date_start": "2026-03-15", "date_end": null, "date_development": null, "date_scan": null, "status": "IN_PROGRESS", "slug": "lomo-purple-hg6yw4", "created_at": "2026-03-16T15:05:12.216Z", "updated_at": "2026-03-16T15:05:12.216Z"}}, {"model": "rolls.roll", "pk": 28, "fields": {"user": 8, "camera": 16, "lens": 9, "film_name": "lomo", "film_type": "COLOR_NEGATIVE", "iso": 400, "format": "35MM-36", "description": "", "date_start": "2026-03-10", "date_end": null, "date_development": null, "date_scan": null, "status": "IN_PROGRESS", "slug": "lomo-scOkHg", "created_at": "2026-03-18T15:49:59.123Z", "updated_at": "2026-03-18T15:49:59.123Z"}}, {"model": "rolls.urlphoto", "pk": 1, "fields": {"roll": 1, "url": "https://www.example.fr", "provider": "OTHER", "description": "", "created_at": "2026-02-20T09:59:41.805Z", "updated_at": "2026-02-20T09:59:41.805Z"}}, {"model": "rolls.urlphoto", "pk": 2, "fields": {"roll": 2, "url": "https://www.example.com", "provider": "OTHER", "description": "", "created_at": "2026-02-20T10:25:21.560Z", "updated_at": "2026-02-20T10:25:21.560Z"}}, {"model": "rolls.urlphoto", "pk": 3, "fields": {"roll": 2, "url": "http://www.flickr/12", "provider": "FLICKR", "description": "", "created_at": "2026-02-20T10:54:29.829Z", "updated_at": "2026-02-20T10:54:29.829Z"}}, {"model": "rolls.urlphoto", "pk": 4, "fields": {"roll": 2, "url": "http://www.flickr/45", "provider": "FLICKR", "description": "", "created_at": "2026-02-20T10:57:13.444Z", "updated_at": "2026-02-20T10:57:13.444Z"}}]
